{
  "metadata": {
    "ball_diameter": 0.22,
    "frame_rate": 30.0,
    "n_frames": 90,
    "time_range": [
      0.0,
      2.966666666666667
    ],
    "frame_range": [
      9,
      98
    ],
    "anchor_frame": 9,
    "includes_ground_anchor": true,
    "has_cross_terms": false,
    "model_type": "skewed_trajectory",
    "fitting_method": "exponential"
  },
  "equations": {
    "X": {
      "coefficients": [
        0.9152995368465141,
        4.320088641787469,
        16.61638579582931
      ],
      "equation": "X(t) = 16.616386 + 4.320089*t + 0.915300*t\u00b2",
      "r_squared": 0.9931454233991449,
      "rmse": 0.5129193190002345,
      "max_error": 1.2117020573512605,
      "physical_meaning": "Horizontal position (field length)"
    },
    "Y": {
      "coefficients": [
        -3.93443864833379,
        6.0471959865319125,
        20.436486510693012
      ],
      "equation": "Y(t) = 20.436487 + 6.047196*t + -3.934439*t\u00b2",
      "r_squared": 0.974194530210616,
      "rmse": 0.9328942901024444,
      "max_error": 2.4258194927053403,
      "physical_meaning": "Lateral position (field width)"
    },
    "Z": {
      "coefficients": [
        2.0973332952043005,
        -6.682299533922448,
        -1.7801669644896618
      ],
      "equation": "Z(t) = -1.780167 + -6.682300*t + 2.097333*t\u00b2",
      "r_squared": 0.9583510855920416,
      "rmse": 0.31156063640049353,
      "max_error": 1.0348881862983408,
      "physical_meaning": "Vertical position (height, negative Z is up)"
    }
  },
  "initial_conditions": {
    "position": [
      16.61638579582931,
      20.436486510693012,
      -1.7801669644896618
    ],
    "velocity": [
      4.320088641787469,
      6.0471959865319125,
      -6.682299533922448
    ],
    "speed": 9.994241953919714
  },
  "acceleration": {
    "x": 1.8305990736930282,
    "y": -7.86887729666758,
    "z": 4.194666590408601
  },
  "overall_metrics": {
    "overall_rmse": 0.6404290266333678,
    "average_r_squared": 0.9752303464006008
  },
  "fitting_parameters": {
    "best_method": "exponential",
    "polynomial": {
      "X_params": [
        1.6549165725340973,
        1.8097916870986244,
        18.31779170742932
      ],
      "Y_params": [
        -6.307534516293967,
        14.357899649306143,
        14.467696951409467
      ],
      "Z_params": [
        2.7403049588704653,
        -8.960652484855705,
        -0.11
      ],
      "rmse": 2.6039855785910055,
      "r_squared": 0.9089061497967023
    },
    "bezier": {
      "X_params": [
        18.31779170742932,
        18.514283515121875,
        28.847273227236506,
        37.4988726576357
      ],
      "Y_params": [
        14.467696951409467,
        38.439183747547396,
        11.508130094881087,
        6.169062400840726
      ],
      "Z_params": [
        -0.11,
        -12.310012220253672,
        -5.402180861562648,
        -4.153788397152606
      ],
      "rmse": 1.691285089786733,
      "r_squared": 0.9615721975430186
    },
    "exponential": {
      "X_params": [
        4.901028031284461,
        9.029932289735465,
        23.48741311709279,
        13.416763676144857
      ],
      "Y_params": [
        -20.629347240658365,
        7.5944395653066525,
        -28.993474812367644,
        35.097044192067834
      ],
      "Z_params": [
        12.23261679963231,
        4.408135556165985,
        8.115591003739908,
        -12.34261679963231
      ],
      "rmse": 1.1092556127708746,
      "r_squared": 0.9834699114930373
    },
    "mu_s": {
      "X_params": [
        18.347015823436234,
        6.7631524013092434,
        23.074110970329663,
        0.20613228701741834,
        6.500440628104645,
        8.321789694111441
      ],
      "Y_params": [
        -49.131530664897134,
        35.08461365534825,
        15.056501151964126,
        -0.0984070099686122,
        -17.323165620702948,
        0.02427673135315573
      ],
      "Z_params": [
        18.291722968495666,
        -20.161674685294496,
        -0.08342799732974691,
        0.3185022252903983,
        3.4051768185208617,
        -2.901585429972784
      ],
      "rmse": 2.2553736579453934,
      "r_squared": 0.9316641003189553
    }
  }
}