{
  "metadata": {
    "ball_diameter": 0.22,
    "frame_rate": 30.0,
    "n_frames": 95,
    "time_range": [
      0.0,
      3.1333333333333333
    ],
    "frame_range": [
      4,
      98
    ],
    "anchor_frame": 4,
    "includes_ground_anchor": true,
    "has_cross_terms": false,
    "model_type": "skewed_trajectory",
    "fitting_method": "mu_s"
  },
  "equations": {
    "X": {
      "coefficients": [
        -0.8387427017231598,
        7.306031645240777,
        30.99326864516501
      ],
      "equation": "X(t) = 30.993269 + 7.306032*t + -0.838743*t\u00b2",
      "r_squared": 0.9840407258320754,
      "rmse": 0.5810493779434796,
      "max_error": 2.349127957527095,
      "physical_meaning": "Horizontal position (field length)"
    },
    "Y": {
      "coefficients": [
        0.7778926132867047,
        -14.22185342139506,
        29.09784194823941
      ],
      "equation": "Y(t) = 29.097842 + -14.221853*t + 0.777893*t\u00b2",
      "r_squared": 0.9871940904206125,
      "rmse": 1.2308321395067021,
      "max_error": 3.19704791592265,
      "physical_meaning": "Lateral position (field width)"
    },
    "Z": {
      "coefficients": [
        1.3247293350935627,
        -4.534781223895055,
        -0.10999999999216839
      ],
      "equation": "Z(t) = -0.110000 + -4.534781*t + 1.324729*t\u00b2",
      "r_squared": 0.6920441793977014,
      "rmse": 0.4259297918326298,
      "max_error": 1.4629677410139568,
      "physical_meaning": "Vertical position (height, negative Z is up)"
    }
  },
  "initial_conditions": {
    "position": [
      30.99326864516501,
      29.09784194823941,
      -0.10999999999216839
    ],
    "velocity": [
      7.306031645240777,
      -14.22185342139506,
      -4.534781223895055
    ],
    "speed": 16.619369840324786
  },
  "acceleration": {
    "x": -1.6774854034463196,
    "y": 1.5557852265734093,
    "z": 2.6494586701871254
  },
  "overall_metrics": {
    "overall_rmse": 0.8234039759481646,
    "average_r_squared": 0.8877596652167964
  },
  "fitting_parameters": {
    "best_method": "mu_s",
    "polynomial": {
      "X_params": [
        -0.44485391804261476,
        5.823958204523958,
        32.14981648592415
      ],
      "Y_params": [
        -0.7230694474265992,
        -8.548228079184783,
        24.629672600686526
      ],
      "Z_params": [
        1.32472956702454,
        -4.53478201695626,
        -0.11
      ],
      "rmse": 2.3318471642836176,
      "r_squared": 0.9611730505108619
    },
    "bezier": {
      "X_params": [
        32.14981648592415,
        37.797352982042234,
        43.43238945037542,
        45.824384535456005
      ],
      "Y_params": [
        24.629672600686526,
        17.810517349669617,
        1.631678338405143,
        -8.253843074524372
      ],
      "Z_params": [
        -0.11,
        -6.082480788558007,
        -3.6206091239865317,
        -1.8991392961688915
      ],
      "rmse": 2.283906804532808,
      "r_squared": 0.9627531231285886
    },
    "exponential": {
      "X_params": [
        -911.9478211127854,
        0.10000000004476692,
        -72.89168428628983,
        944.0976375987095
      ],
      "Y_params": [
        -3.407284832986821,
        9.999999999999522,
        -37.120240296410124,
        28.036957433673347
      ],
      "Z_params": [
        7.898163274677276,
        3.5152133778851318,
        5.744291683423818,
        -8.008163274677276
      ],
      "rmse": 2.120370092694223,
      "r_squared": 0.9678961996146164
    },
    "mu_s": {
      "X_params": [
        20.448698869190146,
        -21.64817971667064,
        39.788313600335215,
        0.21966237279926598,
        5.686493209906606,
        0.237342913861941
      ],
      "Y_params": [
        9.720141138039459,
        -43.67100107419461,
        27.150580661009005,
        0.10715227940166426,
        89.66770246840912,
        0.014709005216459868
      ],
      "Z_params": [
        9.260310323719795,
        -10.116915625059468,
        -0.07832093698118489,
        0.40447757945737206,
        13.24175804124166,
        -1.3817257980316389
      ],
      "rmse": 1.4261775214964432,
      "r_squared": 0.9854761993050823
    }
  }
}